sellerName,sellerReviewCount
Targus,20
Tom's Bed and Furniture,8
Mainstays,8
MainStays,7
Decor for Kids,3
Bluey Toys,6
Little Tikes,5
Discovery Ganes,3
Glad Products,98
Microban Cleaning,54
Clorox Supplies,7
IrishSpring Products,6
Always Sanitation,8
Crest Dental Products,67
Sensodyne Dental Care,53
Sensodyne Dental Care,8
Outdoor Coolers,78
SplatRBall Guns,5
Electronic Warmers,43
DuraFlame ,21
Apple,455
Spalding Sports Goods,3
Ozark Campe Goods,5
Crayola,6
Crayola,7
Pen+Gear Utensils,3
Crayola,9
